class,stratum,in_ground_truth,in_live_catalog,rows,status
contract,affiliate,true,true,,rows_unverified
contract,agency,true,true,,rows_unverified
contract,collaboration,true,true,,rows_unverified
contract,co_branding,true,true,,rows_unverified
contract,consulting,true,true,,rows_unverified
contract,development,true,true,,rows_unverified
contract,distributor,true,true,,rows_unverified
contract,endorsement,true,true,,rows_unverified
contract,franchise,true,true,,rows_unverified
contract,hosting,true,true,,rows_unverified
contract,ip,true,true,,rows_unverified
contract,joint_venture,true,true,,rows_unverified
contract,license,true,true,,rows_unverified
contract,maintenance,true,true,,rows_unverified
contract,manufacturing,true,true,,rows_unverified
contract,marketing,true,true,,rows_unverified
contract,non_compete_no_solicit,true,true,,rows_unverified
contract,outsourcing,true,true,,rows_unverified
contract,promotion,true,true,,rows_unverified
contract,reseller,true,true,,rows_unverified
contract,service,true,true,,rows_unverified
contract,sponsorship,true,true,,rows_unverified
contract,strategic_alliance,true,true,,rows_unverified
contract,supply,true,true,,rows_unverified
contract,transportation,true,true,,rows_unverified
merger_agreement,all_cash,true,true,,rows_unverified
merger_agreement,all_stock,true,true,,rows_unverified
merger_agreement,mixed_cash_stock,true,true,,rows_unverified
merger_agreement,mixed_cash_stock_election,true,true,,rows_unverified
merger_agreement,other,true,true,,rows_unverified
corporate_record,bylaws,true,true,,rows_unverified
corporate_record,articles_of_incorporation,true,true,,rows_unverified
corporate_record,certificate_of_formation,false,true,,catalog_only
corporate_record,charter_amendment,true,true,,rows_unverified
corporate_record,powers_of_attorney,true,true,,rows_unverified
corporate_record,subsidiary_list,true,true,,rows_unverified
corporate_record,rights_instrument,true,true,,rows_unverified
corporate_record,indenture,true,true,,rows_unverified
corporate_record,board_resolution,true,true,,rows_unverified
corporate_record,officer_certificate,true,true,,rows_unverified
corporate_record,other,true,true,,rows_unverified
correspondence,email,true,true,,rows_unverified
correspondence,memo,true,true,,rows_unverified
correspondence,letter,true,true,,rows_unverified
correspondence,notice,true,true,,rows_unverified
correspondence,demand,true,true,,rows_unverified
correspondence,attorney_demand,true,true,,rows_unverified
correspondence,press_release,true,true,,rows_unverified
correspondence,meeting_request,true,true,,rows_unverified
correspondence,other,false,true,,catalog_only
insurance_claim,carrier,true,true,,rows_unverified
insurance_claim,inpatient,true,true,,rows_unverified
insurance_claim,outpatient,true,true,,rows_unverified
insurance_claim,pde,true,true,,rows_unverified
insurance_claim,property,true,true,,rows_unverified
insurance_claim,auto,true,true,,rows_unverified
