client_id,class,stratum,weight,min_per_run,in_taxonomy
harlowpryce,contract,license,0.06,1,true
harlowpryce,contract,consulting,0.05,0,true
harlowpryce,contract,ip,0.05,0,true
harlowpryce,contract,development,0.05,0,true
harlowpryce,contract,collaboration,0.05,0,true
harlowpryce,contract,non_compete_no_solicit,0.05,0,true
harlowpryce,contract,endorsement,0.05,0,true
harlowpryce,contract,joint_venture,0.04,0,true
harlowpryce,merger_agreement,all_cash,0.10,1,true
harlowpryce,merger_agreement,all_stock,0.05,0,true
harlowpryce,merger_agreement,mixed_cash_stock,0.05,0,true
harlowpryce,merger_agreement,other,0.05,0,true
harlowpryce,corporate_record,board_resolution,0.10,1,true
harlowpryce,corporate_record,charter_amendment,0.10,1,true
harlowpryce,corporate_record,powers_of_attorney,0.05,0,true
harlowpryce,correspondence,attorney_demand,0.04,1,true
harlowpryce,correspondence,letter,0.03,0,true
harlowpryce,correspondence,meeting_request,0.03,0,true
northstar,merger_agreement,all_cash,0.15,1,true
northstar,merger_agreement,mixed_cash_stock,0.10,0,true
northstar,merger_agreement,mixed_cash_stock_election,0.10,0,true
northstar,merger_agreement,all_stock,0.10,0,true
northstar,corporate_record,indenture,0.10,1,true
northstar,corporate_record,rights_instrument,0.10,1,true
northstar,corporate_record,subsidiary_list,0.05,0,true
northstar,corporate_record,charter_amendment,0.05,0,true
northstar,contract,strategic_alliance,0.06,1,true
northstar,contract,joint_venture,0.05,0,true
northstar,contract,outsourcing,0.05,0,true
northstar,contract,affiliate,0.05,0,true
northstar,contract,distributor,0.04,0,true
prairielabs,corporate_record,articles_of_incorporation,0.30,1,true
prairielabs,corporate_record,bylaws,0.25,0,true
prairielabs,corporate_record,charter_amendment,0.15,0,true
prairielabs,corporate_record,rights_instrument,0.10,0,true
prairielabs,contract,development,0.05,1,true
prairielabs,contract,hosting,0.05,1,true
prairielabs,contract,reseller,0.05,1,true
prairielabs,contract,marketing,0.05,1,true
tricountytitle,corporate_record,officer_certificate,0.25,1,true
tricountytitle,corporate_record,powers_of_attorney,0.15,0,true
tricountytitle,corporate_record,board_resolution,0.10,0,true
tricountytitle,contract,service,0.10,1,true
tricountytitle,contract,agency,0.10,1,true
tricountytitle,contract,transportation,0.05,0,true
tricountytitle,contract,supply,0.05,0,true
tricountytitle,correspondence,email,0.10,1,true
tricountytitle,correspondence,notice,0.10,1,true
brightwater,contract,maintenance,0.15,1,true
brightwater,contract,service,0.10,0,true
brightwater,contract,franchise,0.10,0,true
brightwater,contract,co_branding,0.05,0,true
brightwater,contract,sponsorship,0.05,0,true
brightwater,contract,promotion,0.05,0,true
brightwater,contract,manufacturing,0.05,0,true
brightwater,contract,supply,0.05,0,true
brightwater,corporate_record,other,0.10,1,true
brightwater,corporate_record,officer_certificate,0.05,0,true
brightwater,insurance_claim,property,0.15,1,true
brightwater,correspondence,email,0.05,1,true
brightwater,correspondence,notice,0.05,1,true
okafor,insurance_claim,property,0.40,1,true
okafor,insurance_claim,auto,0.30,0,true
okafor,correspondence,email,0.15,1,true
okafor,correspondence,letter,0.10,0,true
okafor,correspondence,demand,0.05,0,true
cedarridge,insurance_claim,property,0.50,1,true
cedarridge,insurance_claim,auto,0.40,0,true
cedarridge,correspondence,memo,0.10,1,true
lakeshore,insurance_claim,carrier,0.30,1,true
lakeshore,insurance_claim,inpatient,0.25,0,true
lakeshore,insurance_claim,outpatient,0.30,1,true
lakeshore,insurance_claim,pde,0.15,0,true
vega,insurance_claim,auto,0.50,1,true
vega,insurance_claim,outpatient,0.30,0,true
vega,correspondence,email,0.10,1,true
vega,correspondence,letter,0.10,1,true
stateca,off_taxonomy,regulator_notice,0.70,1,false
stateca,correspondence,notice,0.15,1,true
stateca,correspondence,letter,0.10,0,true
stateca,correspondence,press_release,0.05,0,true
