client_id,display_name,kind,relationship,tone,register,verbosity,channels,send_hours,typical_per_day,primary_domain,callback_contact,callback_phone,matter_format,claim_format,status
harlowpryce,Harlow & Pryce LLP,law_firm,outside_counsel,"formal; cites matter numbers; expects fast acknowledgment",formal,medium,"email, phone",07:00-19:00 America/Chicago,25,harlowpryce.sandbox.invalid,Front desk,+1-555-0142,HP-YYYY-NNNN,,active
northstar,Northstar Advisory Partners,transaction_advisory,transaction_adviser,"sophisticated; long redline threads",formal,high,email,08:00-18:00 America/Chicago,8,northstar.sandbox.invalid,Front desk,+1-555-0107,NA-YYYY-NNNN,,active
prairielabs,Prairie Labs Inc.,startup,startup_client,"casual; forwards drafts",casual,low,email,09:00-17:00 America/Chicago,3,prairielabs.sandbox.invalid,A. Garcia,+1-555-0119,,,active
tricountytitle,Tri-County Title & Escrow,title_and_escrow,closing_partner,"deadline-driven; templated",formal,low,"email, phone",07:30-17:30 America/Chicago,15,tricountytitle.sandbox.invalid,Front desk,+1-555-0142,TC-YYYY-NNNN,,active
brightwater,Brightwater Property Group,commercial_landlord,commercial_landlord,"informal; phone-photo scans; generic filenames",informal,low,"email, phone",09:00-17:00 America/Chicago,6,brightwaterpg.sandbox.invalid,T. Reyes,+1-555-0133,,,active
okafor,Okafor Freight Lines,insured,commercial_insured,"stressed; repeated check-ins",informal,medium,"email, phone",06:00-20:00 America/Chicago,10,okaforfreight.sandbox.invalid,A. Okafor,+1-555-0151,,CL-NNNNNN,active
cedarridge,Cedar Ridge Adjusting,field_adjuster,third_party_adjuster,"terse; documents arrive in fragments",terse,low,email,06:00-18:00 America/Chicago,4,cedarridge.sandbox.invalid,Dispatch,+1-555-0166,,,active
lakeshore,Lakeshore Medical Billing,billing_provider,provider_billing_office,"templated; high volume",templated,low,"email, portal",08:00-17:00 America/Chicago,40,lakeshore.sandbox.invalid,Billing office,+1-555-0178,,,active
vega,Marisol Vega,policyholder,pro_se_policyholder,"vague; wrong channel; emotional",emotional,low,"email, phone",09:00-21:00 America/Chicago,2,vega.sandbox.invalid,Marisol Vega,+1-555-0184,,,active
stateca,State Consumer Affairs Office,regulator,regulator,"formal; deadline-bound",formal,medium,email,08:00-17:00 America/Chicago,1,stateca.sandbox.invalid,Duty officer,+1-555-0190,,,active
