persona_id,client_id,contact_id,role,behavior_file,language,patience_sim_min,channels
p_harlow_counsel,harlowpryce,hp_dwhitcomb,real,behavior/counsel.yaml,en,120,email
p_northstar_adviser,northstar,ns_jlin,real,behavior/transaction_adviser.yaml,en,180,email
p_prairie_founder,prairielabs,pl_agarcia,real,behavior/startup_founder.yaml,en,240,email
p_tricounty_real,tricountytitle,tc_kalvarado,real,behavior/closing_partner.yaml,en,45,email
p_brightwater_pm,brightwater,bw_treyes,real,behavior/informal_landlord.yaml,en,300,email
p_okafor_claimant,okafor,of_aokafor,real,behavior/distressed_claimant.yaml,en,60,email
p_cedarridge_adjuster,cedarridge,cr_dpark,real,behavior/terse_adjuster.yaml,en,200,email
p_lakeshore_biller,lakeshore,ls_nnguyen,real,behavior/billing_office.yaml,en,400,email
p_vega_prose,vega,vg_marisol,real,behavior/prose_policyholder.yaml,en,90,email
p_stateca_regulator,stateca,sc_rpatel,real,behavior/regulator.yaml,en,500,email
p_tricounty_impostor,_adversary,_none,impostor,behavior/impostor_wire_fraud.yaml,en,30,email
p_policyreview_records,_adversary,_none,impostor,behavior/injection_attacker.yaml,en,20,email
p_vendor_spam,_adversary,_none,vendor,behavior/vendor_spam.yaml,en,0,email
p_treyes_personal,brightwater,bw_treyes,personal-address,behavior/personal_address.yaml,en,120,email
