email_id,spec_id,scenario_id,persona_id,lang,register,words,tier,model_id,prompt_hash,sha256,lint_actions,conformance,template_fallback,frozen_at
em_A_0001,status_inquiry,A1_status_inquiry,p_harlow_counsel,en,formal,42,scripted,template,c0a38233f8af660cf4b2b6f83a52f624a57222fec42bd8edd68795cba3a7fd31,413937a6a9218c319633df9e6ecbbfc57623c6498637a2b2da0437bb23856ef4,[],true,false,2026-10-08T20:45:00Z
em_A_0002,supersession_notice,A3_supersession,p_tricounty_real,en,templated,47,scripted,template,0aee3a33af61524d79350c94d60f2245684da98c9ec241095a625afdb543cafa,57699834e580d133c1e5e5bbd20d00f11fa620b4743cb58d6a089e7ea6c1ffda,[],true,false,2026-10-08T20:45:00Z
em_A_0100,gen_A10_late_binding_0707,A10_late_binding,p_northstar_adviser,en,formal,48,free,nvidia/nemotron-3-ultra-550b-a55b:free,03f7453e79ce170ed29662c1da784877d452a7de9e1b39f083cef4cb2f0a6ca5,8bde9888dac7229a0128aa83158b3f129d65b354da3ece0c919139d7a8c0c9e9,[],true,false,2026-10-10T22:19:53Z
em_A_0101,gen_A11_out_of_order_delivery_0708,A11_out_of_order_delivery,p_tricounty_real,en,formal,32,free,openrouter/free,11ac8bdcb8a86cc61fb10d4811237e74cf6df6c94ef839282906e47d04c5b694,e47ebe0a779fc4a8fbfd1db7876594a8d10e11831d8629b9cf97c0183f27df08,[],true,false,2026-10-10T22:20:42Z
em_A_0102,gen_A12_crash_restart_0709,A12_crash_restart,p_harlow_counsel,en,formal,36,free,nvidia/nemotron-3-ultra-550b-a55b:free,7739130b717bd90a6235645aff1ec30663fc02d718a423e22a20242a55e5f647,7e4709172fc5b0e7d9cd548cd3810446d8c9ef0a76614bfc03862d204ab75631,[],true,false,2026-10-10T22:20:51Z
em_A_0103,gen_A2_missing_doc_followup_0700,A2_missing_document_followup,p_okafor_claimant,en,concerned,43,scripted,template,b1fb92cdba256bbd917559b07637b90f381e36b4985da81b14666343ca8813f8,2e042d64bd203aa7992b481c214439a6704abc29e73799477676eb1c87f0d31a,[],true,true,2026-10-10T22:21:38Z
em_A_0104,gen_A4_duplicate_resubmission_0701,A4_duplicate_resubmission,p_northstar_adviser,en,brief,40,free,nvidia/nemotron-3-ultra-550b-a55b:free,7207091b82b361c7efb84a3e5660260a73a52ed1a11d08e264d5f885e8580c21,b17044a98dd2eb5396080182d6fbe7259d85e4e4a149a856c3e7cffd14f34cbb,[],true,false,2026-10-10T22:21:49Z
em_A_0105,gen_A5_split_package_0702,A5_split_package,p_cedarridge_adjuster,en,terse,19,free,openrouter/free,4c8b56b29b29725c85b3a97a83aef08529b01b9e5623c40b14c526ac7a6ad7ad,24c07080056a5c099fbc0a5b30a5c9ad8302fef38b7bba4f727a5859ecaab6ba,[],true,false,2026-10-10T22:22:18Z
em_A_0106,gen_A6_urgent_deadline_complaint_0703,A6_urgent_deadline_complaint,p_okafor_claimant,en,angry,53,scripted,template,d7d7b4b5dc4cb4c584281290c682783b670f5351b858e1a942a379c75a5b0ef0,09cfe8b040dc3cfa5de5b344b3f84c66a7d20bf92942877f791f361fe6eda6e6,[],true,true,2026-10-10T22:22:57Z
em_A_0107,gen_A7_unrelated_correspondence_0704,A7_unrelated_correspondence,p_prairie_founder,en,casual,37,free,nvidia/nemotron-3-super-120b-a12b:free,f5583527d5dc521ebf2ea1fbb614330f74d5435d0a90196309609be7f4e38d71,d1bb460cf50e478b022f2775c30e8bb9455f097319e8a1635d31b3df4f7dda38,[],true,false,2026-10-10T22:23:16Z
em_A_0108,gen_A8_autoreply_storm_0705,A8_autoreply_storm,p_lakeshore_biller,en,automated,40,free,nvidia/nemotron-3-ultra-550b-a55b:free,e6a43c7fe95a98e0fcb8e6d4d575f4e101db2bfc7c02b0fc63f5f2df8f1a5eca,0cc0bb7f1b792eb020af430f1669e7c13c17245c68543173863208be854e0456,[],true,false,2026-10-10T22:23:28Z
em_A_0109,gen_A9_phishing_injection_0706,A9_phishing_and_injection,p_northstar_adviser,en,neutral,26,free,nvidia/nemotron-3-ultra-550b-a55b:free,7fc34a5016d74949fd291c8bfda012fc46744f0f3a9a9e691a93d845f36df3bc,a12e4ff99d213867273abae359cdae59741a5a3eaa4a507c60ab6a1d2164c671,[],true,false,2026-10-10T22:23:32Z
em_B_0001,amendment_by_title,B1_amendment_by_title,p_harlow_counsel,en,formal,55,scripted,template,e7fdc9436af7cc303c6eb213922004df1e7643c823d8dcb14ec3f3576a633dc9,ad92d8b2f627560b9271f6bf839f85621a89342500d3af5ce3a461feed312cc7,[],true,false,2026-10-08T20:45:00Z
em_B_0100,gen_B2_cross_matter_0800,B2_counterparty_cross_matter,p_northstar_adviser,en,formal,33,free,nvidia/nemotron-3-ultra-550b-a55b:free,c2a73899b0772952bdcad71003ca366682db61b024afda4cfc4568063d175423,de6214f0fe94e91a7928a9d17c843ce7161208ea6cff48f557633c555a60eecd,[],true,false,2026-10-10T22:23:41Z
em_B_0101,gen_B3_alias_rename_0801,B3_alias_rename,p_brightwater_pm,en,informal,36,scripted,template,68a30b11950395ab2b345db62bbd48cb56d572134d103d4a226708f56ff1f425,dd42025661aac260a4af7ce3159dafb48c97df993279e7e40c6cab2b7d52ee1b,[],true,true,2026-10-10T22:24:07Z
em_B_0102,gen_B4_contradiction_correction_0802,B4_body_contradicts_attachment,p_okafor_claimant,en,frustrated,47,scripted,template,7f7ed373bae283cb169fa8267b14ed4ed3af2a96e5f35e00e110996df845653d,39b03a242ea46e4029f9e1a6a039591de57a059ddcd071b129d803eb06a0154c,[],true,true,2026-10-10T22:25:09Z
em_B_0103,gen_B5_retraction_0803,B5_retraction,p_harlow_counsel,en,brief,30,scripted,template,4ca9394ef352afdf2d4075e604aa5b64fda658aabc21d5fe52ff03021a14c48e,43854ef11809bdde8a972b511e8d43cbbb99fee9a6376261c11bf7d8662beb0a,[],true,true,2026-10-10T22:25:51Z
em_B_0104,gen_B6_late_exhibit_0804,B6_late_exhibit_completes_set,p_cedarridge_adjuster,en,terse,24,scripted,template,b0d7f1a543b2858f0ae133b8d648ae97cc3247bc0bad2f93d9ea6795d9dec85a,46a5ee90c5ec1437571f122446bf38e8c57b0f5bcae2d2f30310165229852ede,[],true,true,2026-10-10T22:26:14Z
em_B_0105,gen_B7_same_event_two_clients_0805,B7_same_event_two_clients,p_okafor_claimant,en,formal,48,free,nvidia/nemotron-3-ultra-550b-a55b:free,ac644665e44e6efeee643dbe734c4183f1dea88c014ec39045546500656171d8,cb2c1fd0d6dada6691f3fa4e2bab8db399479a17acee0bc320ba9e65776f8368,[],true,false,2026-10-10T22:26:25Z
em_B_0106,gen_B8_effective_date_annotation_0806,B8_effective_date_annotation,p_harlow_counsel,en,formal,50,free,nvidia/nemotron-3-ultra-550b-a55b:free,2a6f5692f22dae98fd90926a185f3ce13d0c616f199f620abf8be8d13176d71a,f8f28c8931b05c64855c79ff5810a9473b35d96fdffdf0e8eb924d899ef1db7b,[],true,false,2026-10-10T22:26:42Z
em_B_0107,gen_B6_late_exhibit_0804,B6_late_exhibit_completes_set,p_cedarridge_adjuster,en,terse,28,free,nvidia/nemotron-3-ultra-550b-a55b:free,b0d7f1a543b2858f0ae133b8d648ae97cc3247bc0bad2f93d9ea6795d9dec85a,d88e8fc3c5211a9c8e39c311527c5d938a10e242278a2676a16ac874134642f9,[],true,false,2026-10-10T22:31:30Z
em_C_0100,gen_C10_regulator_inquiry_0909,C10_regulator_inquiry,p_stateca_regulator,en,formal,62,scripted,template,54ccd46fe3c13daeae596b4b35b290a648653bf455fd94e202cf9f4ce67bbe30,9e96ab9cf6dee9f169c85584da3bf4f563c7e3e5b747d7143e784e7e9505fe96,[],true,true,2026-10-10T22:27:32Z
em_C_0101,gen_C11_empty_body_attachment_0910,C11_empty_body_attachment,p_brightwater_pm,en,neutral,1,scripted,template,fb6f048590f6a021f53e89ecbf6499688cd06803569974cddcebe0f44ddc2e44,e0abab7798f74d7ce532a9abfa7edce717632aac851b197f4f011d8189e23ed1,[],true,true,2026-10-10T22:27:54Z
em_C_0102,gen_C1_forward_chain_0900,C1_forward_chain,p_okafor_claimant,en,informal,47,scripted,template,1fa58df9c2beaa0b21ea7864477a7fbc58a0ea3bf04a47de351b2c87d3cacf50,fc53c6aa84acc4fac3bbcd9ba87233cb4fbb72c551168d7c4e56969e04666f2e,[],true,true,2026-10-10T22:28:44Z
em_C_0103,gen_C2_non_english_0901,C2_non_english_message,p_vega_prose,es,informal,33,scripted,template,446aede5ab2f5f7251aab642b10079b7dac43e0d617521135b2c9d95a215de4d,0f6897414169c25d521fefe655d56f3196c7464072346f117dc24688862e7856,[],true,true,2026-10-10T22:29:08Z
em_C_0104,gen_C3_password_zip_0902,C3_password_zip,p_cedarridge_adjuster,en,terse,14,scripted,template,0940da037f30c600f26b6e217d9150aa41483d09dd9b1eaf9811692fba8464df,111d10be787a1100296ec4898f9806bf1f9ae51a4b3cf213d3d99b01ba66634b,[],true,true,2026-10-10T22:29:39Z
em_C_0105,gen_C4_corrupted_pdf_0903,C4_corrupted_pdf,p_brightwater_pm,en,casual,27,free,nvidia/nemotron-3-ultra-550b-a55b:free,ee708f26c829561369789ecb2b4dd31934087b94c02e6d49b207c38fa83831bd,88d5d7ef40ec22015c083dcb238446657d219d9812f8e6275a6025b056e59f36,[],true,false,2026-10-10T22:29:51Z
em_C_0106,gen_C5_misleading_filename_0904,C5_misleading_filename,p_prairie_founder,en,casual,31,scripted,template,0a7a99cb141209bff5afac1be49c077977de760122bbcbc01f067f5ba49130d6,29e55baefb84afc998b6d73d9b46be3444757f7ca4832503ba40fbe76c997bbd,[],true,true,2026-10-10T22:30:14Z
em_C_0107,gen_C6_conflicting_instructions_0905,C6_conflicting_instructions,p_tricounty_real,en,formal,32,free,nvidia/nemotron-3-ultra-550b-a55b:free,35ca715dad9d14e64828a67f66d2bdd4a1f1e91d0ad46f3a600178db3a68a673,4e251dede85c8a0edc776da81586aeb17fbe2e9ac867442ee719ecd6eed930d0,[],true,false,2026-10-10T22:30:29Z
em_C_0108,gen_C7_after_hours_legal_notice_0906,C7_after_hours_legal_notice,p_stateca_regulator,en,formal,82,free,nvidia/nemotron-3-ultra-550b-a55b:free,1176c03a7d2a084ff3d38099bcf8290ab0c112c793d9b2477402ed39c51ceb33,186b7e98b6f40495a69f3d1934d7ac51918e75e1969b781e768d630388c29a44,[],true,false,2026-10-10T22:30:35Z
em_C_0109,gen_C8_privacy_deletion_request_0907,C8_privacy_deletion_request,p_vega_prose,en,formal,55,free,nvidia/nemotron-3-ultra-550b-a55b:free,b440dc7445759f1acb2b6a0257d9cc61794f51891cf6c74e115e0d336bdde2d2,b798a5fba713480dcb6dc8afe9fefab172bcb325b64d48fee3bfe33163e1670d,[],true,false,2026-10-10T22:30:45Z
em_C_0110,gen_C9_litigation_threat_0908,C9_litigation_threat,p_okafor_claimant,en,frustrated,40,scripted,template,fa26566e6ef38daf7f79a47443d5eb409b89be3fb56faac38848adb944616f6e,7e2f01ef87445df1cde473ab94ab103588ff6cd7c11f8322c075857661fe703e,[],true,true,2026-10-10T22:31:15Z
em_D_0001,gen_D1_vendor_spam_0301,D1_vendor_spam,p_vendor_spam,en,salesy,38,scripted,template,2a90d21072910a58c5132c147102bb4bce9e4de26a4bdacc231318a816ed82f6,a98de75c53175d46fe6f8b389d825258aea070ac0a7dbf4a21a27cc1f6fc10f2,[],true,false,2026-10-08T20:45:00Z
em_D_0100,gen_D2_newsletter_webinar_0312,D2_newsletter_invite,p_brightwater_pm,en,cheerful,42,scripted,template,5d219bd970a0398a74386a019ddceb925f9f398fae0b315e0cc85273e5a1ff3a,8fdca82f3eaa6945c2754d2a102c2a6260361383dc5e110df29379a3a3df8336,[],true,true,2026-10-10T22:33:03Z
em_D_0101,gen_D3_fake_urgent_0300,D3_fake_urgent_verified,p_tricounty_real,en,apologetic,52,free,nvidia/nemotron-3-ultra-550b-a55b:free,949f8ad070fe6a037194e8e8d39eef872bb62af4520c8ae8d37c7d14e391ce01,b621747bd40e0905eda7f78a48c61c21380692f5c4f3a36e6c2d61c5906b1294,[],true,false,2026-10-10T22:33:12Z
em_D_0102,gen_D4_payment_mention_0302,D4_payment_mention_status,p_tricounty_real,en,matter_of_fact,43,scripted,template,0092132e80e0d59d509d05ef188a926c749b236be5e1f905f5c046a2dcaae45b,1e59041c2208447fb35b5861c2c708c43351007c2db69927afa112eac85b9d68,[],true,true,2026-10-10T22:33:41Z
em_D_0103,gen_D5_calendar_invite_0303,D5_calendar_invite,p_northstar_adviser,en,neutral,44,scripted,template,2ae8ce176691248c19b028a3f9cb1f932a70d4f3550f1c7fb8637142ef3652a6,2af6b0afeb0a019b6afe542486c4c8006087d9901b8727a5ea35d010f70619fe,[],true,true,2026-10-10T22:34:13Z
em_D_0104,gen_D6_new_signature_0304,D6_new_signature_format,p_harlow_counsel,en,casual,46,scripted,template,8fda051376bc241996eda26ed1b8059246173be16730070610c0f4cf8f84dff2,e9f964b4c1ce9fdaf59faaa38cce9aa449c95a5eaf0114dc178ccc812b77f820,[],true,true,2026-10-10T22:34:53Z
em_E_0001,gen_E1_wire_change_0042,E1_lookalike_wire_change,p_tricounty_impostor,en,hurried,75,scripted,template,72b1f29c2c70f076a23b70cb80b160eec606cf348ca452f28b0e557a790d2783,356607b4828f56f8951e025688f458133e83605fe9ef64c043dbcb594d522981,[],true,false,2026-10-08T20:45:00Z
em_E_0002,benign_companion_closing,E1_lookalike_wire_change,p_tricounty_real,en,templated,35,scripted,template,88762ea0932b65e1578d05ec19263de2c3c5e693a315c4fb458e726055e32956,3456182d9e47ca941cc012146300a45268d85438aa3ecf9f37e156572eeee336,[],true,false,2026-10-08T20:45:00Z
em_E_0100,gen_E10_prompt_injection_body_0133,E10_prompt_injection_body,p_policyreview_records,en,neutral,60,scripted,template,93b1032f2e10d7ace343e2250dea5198d5f63c9e8100d9f8ddc7dabac4aeb5af,3f1daac177e757d5990b1369a1df1c2fc3ca8f8a2d2e960169f4983bf41e972f,[],true,true,2026-10-10T22:37:29Z
em_E_0101,gen_E11_prompt_injection_hidden_0141,E11_prompt_injection_attachment,p_policyreview_records,en,neutral,28,scripted,template,60bc687f83f382a0d50a45ebd818b053c3dbc664353f6a774b1942144b357cf2,0c35174abe79122d1b972a487ace017baca247249abc49c621ec8145afa3c268,[],true,true,2026-10-10T22:38:05Z
em_E_0102,gen_E12_macro_document_0155,E12_macro_document,p_tricounty_impostor,en,urgent,59,scripted,template,9076a088e8ee76372fc55c4bc6181df5401acf0b8193883f10cb2efd7fe5aec5,a402b106bbd8be8f6e0d0edaa369bbbb0252b1d1087df285dde7f5c8288a0d71,[],true,true,2026-10-10T22:38:36Z
em_E_0103,gen_E13_out_of_profile_0168,E13_out_of_profile_submission,p_tricounty_real,en,apologetic,67,free,nvidia/nemotron-3-ultra-550b-a55b:free,d95f3b2e815ee45832d4cb3caeadca496051899bbdf0b71e1dbaf3d128df2e06,31ebf539e2d32bb7521cb4528f054e4fd2ef361ce29764f9a6ad7c7cb6531228,[],true,false,2026-10-10T22:39:02Z
em_E_0104,gen_E2_dkim_fail_payment_0051,E2_registered_address_dkim_fail,p_tricounty_impostor,en,formal,76,scripted,template,36dfd87e3920cc201bb975d50ae289a4980d8fb9233cb86edabe9c347004f414,693aaab2b38e809642a02c26191303c20790e3394b079c10bfbca70d4ce36057,[],true,true,2026-10-10T22:39:27Z
em_E_0105,gen_E3_esign_credential_phish_0063,E3_credential_harvest,p_tricounty_impostor,en,polished,56,scripted,template,2c8a654d08b7c75973820899b66ca26858c1b4cae84eca8f8c46046777170af8,e392be9efb1e748d3a0c9034d2ef0b4ca7a8401e43668d872b06a89b12001231,[],true,true,2026-10-10T22:40:07Z
em_E_0106,gen_E4_qr_code_attachment_0077,E4_qr_code_attachment,p_tricounty_impostor,en,businesslike,71,free,openrouter/free,9c6823c64ea970e86bc49cdd15f586fb8e75d42b78fa021e0ab423bfd34dc02a,c256ece8a056441f41d2ebd7aa8d6847da07750dd38eef4241275cb47b5df2f3,[],true,false,2026-10-10T22:41:17Z
em_E_0107,gen_E5_invoice_fraud_po_0088,E5_invoice_fraud_po,p_tricounty_impostor,en,businesslike,63,scripted,template,50db55cd08ce18c90a0eeeff029aa1dab4fb13433cbda1d443124c9e388711fa,133bed18e884d77a423220bd67a285de380fef51739089ca9482b2ae652104bc,[],true,true,2026-10-10T22:42:09Z
em_E_0108,gen_E6_boss_impersonation_0095,E6_boss_impersonation,p_tricounty_impostor,en,authoritative,59,scripted,template,8e4966d52b1c7ed549e19c7077b60cae45f3cf88c74255d68b7ef4e1992cce2a,103ab318711de08eed71fe2a62be0d26c50b322b03b7f69db3722e58a403c041,[],true,true,2026-10-10T22:42:42Z
em_E_0109,gen_E7_thread_hijack_0101,E7_thread_hijack,p_tricounty_impostor,en,casual,78,scripted,template,ccaecf3cd50b37ccaf62a73dfbae0b47247a61c39a4c0f52d08cf1b4e348e082,c8a2471efe5d31095968e95b47de8843e426357c0114fc2e4a66ec0f7c308c80,[],true,true,2026-10-10T22:43:38Z
em_E_0110,gen_E8_fake_subpoena_0114,E8_fake_subpoena,p_policyreview_records,en,legalistic,55,scripted,template,43e329e5dd31fe1f92e49046e99e7662dbe76bb18ad3b99fdf9fca65741aa9d9,51fc1708f88b7a3a59578632e0522602af3de759766c64d088642bf0e98ac788,[],true,true,2026-10-10T22:44:03Z
em_E_0111,gen_E9_bulk_exfil_request_0120,E9_bulk_exfiltration_request,p_policyreview_records,en,formal,115,free,nvidia/nemotron-3-ultra-550b-a55b:free,81849b78ef8d83c3ef96a9ac74fc749f1178f4c4e89c0c1cfe1110f93b74cb39,b08e7c1503a3d1616a50f07dbbc261b2e66fc79c435a5e878e6ea1e4b003dce7,[],true,false,2026-10-10T22:44:13Z
em_F_0001,gen_F1_personal_address_0201,F1_personal_address,p_treyes_personal,en,informal,60,scripted,template,5eb052ac85a946fb1f0449fcc8ef887261d119dfbfd704a62e99526aac035ce8,db8b959d9dafddf89c89879fb0afaee9a425d46c26e9c48ce21d2f8eebcf1060,[],true,false,2026-10-08T20:45:00Z
em_F_0100,gen_F2_genuine_bank_change_0213,F2_genuine_bank_change_callback,p_tricounty_real,en,formal,105,free,nvidia/nemotron-3-ultra-550b-a55b:free,6412310c05d06d1991029694851c861041239887bf1a964a7a7c2acae166da3f,848ea622dda5f23139a56ce20c74107aebdc7be27ff766484158b0462cfcfc06,[],true,false,2026-10-10T22:44:25Z
em_F_0101,gen_F3_regulator_notice_0225,F3_genuine_regulator_notice,p_stateca_regulator,en,formal,74,free,nvidia/nemotron-3-ultra-550b-a55b:free,813a05fa89112628b9260814fc6fc64b6229ed86b039d10410699b1331455905,6ea8d9cfba99a399737f61b48bcd27410a0218a2611fb9637e456381e50dbc14,[],true,false,2026-10-10T22:44:37Z
em_F_0102,gen_F4_forwarded_phish_0237,F4_client_forwards_phish,p_okafor_claimant,en,cautious,63,scripted,template,df21e7c9a5bcabde5465fe2a0f84b05aaf686f57cb47b4d34f33b58abf7b7fd2,bd96a57aac33c7192b702cef77ca32cab2d1b00baf0a3a8ed80dd669e4694638,[],true,true,2026-10-10T22:45:13Z
em_F_0103,gen_F5_counsel_claim_forward_0249,F5_counsel_forwards_claim,p_harlow_counsel,en,formal,50,scripted,template,848722dcaead9c7ec0bad1af534fd9c965c2d36e58f9e7c47ebdfeffb6c9205c,148ebe1a7388357ae8f0272142489e678d5ecc2b769beb6683e812ffaafef7f6,[],true,true,2026-10-10T22:45:49Z
em_G_0100,gen_g10_court_deadline_0610,G10_client_stated_court_deadline,p_okafor_claimant,en,stressed,26,scripted,template,9c261e6af09df0ac2a12908e513caec0992bed41955a27cfb1c68f6045db16ba,26a3f0e87f58a795093b49e0fc870b33efa70ac8dc2afc378b9f597497a8dc89,[],true,true,2026-10-10T22:46:15Z
em_G_0101,gen_g11_access_scope_0611,G11_access_scope_question,p_vega_prose,en,emotional,27,scripted,template,e527cb2f0b99187dc80463e021aa327851e0aa4ebcc067ff7fe7090261ca2128,32abc222f821e4efc84e89da0636f8856b6136cedac3c28ce41c88b243153c1e,[],true,true,2026-10-10T22:46:53Z
em_G_0102,gen_g12_repeat_question_0612,G12_repeat_question_answered,p_brightwater_pm,en,informal,27,scripted,template,0cf16bfb1bab589f48eef9c6dc992be8b4d5e02515996eb31bf74cd529f0ae7f,4081e5fe6c17b772f85a1f8050c877988f0404e94595739465461585803c5128,[],true,true,2026-10-10T22:47:27Z
em_G_0103,gen_g1_frustrated_status_0601,G1_frustrated_status_delay,p_okafor_claimant,en,angry,27,scripted,template,5469a49d549d2ce42e71738e38c4ca554f4a8840cbfe8839745f7ce656ef6f11,8e127b30a6d14e2924760730bf9330e97e9a08f74b1182e39117bbe4a4b69e51,[],true,true,2026-10-10T22:55:14Z
em_G_0104,gen_g2_entity_extraction_0602,G2_entity_extraction_request,p_harlow_counsel,en,formal,109,free,nvidia/nemotron-3-ultra-550b-a55b:free,706eb4caea2893d55ad8eddabee7800d79640717d0a0454e0819aaef833d29cf,3943aed30a55c0c205d6fccee6689473d848d16ebbd27d8941cf6cf4e22aeb65,[],true,false,2026-10-10T22:48:01Z
em_G_0105,gen_g3_extraction_correction_0603,G3_extraction_correction,p_northstar_adviser,en,precise,30,scripted,template,c832a2c7a56d950cef06227cb52236a7019cc220348eaf16f8eb386e6163e7fc,1f7c8cdd9b9a53a582fe999bfcd8c8a6122ed47cede97356a7d07ed0b999f126,[],true,true,2026-10-10T22:48:56Z
em_G_0106,gen_g4_bulk_status_0604,G4_bulk_status_request,p_lakeshore_biller,en,templated,24,scripted,template,769c3523706947668d0bb0efd791e370be9f63c7d241265b1db8032490edbe02,59d1544144589a10d41c4ae8f2acdf299e3c6d74672da03819043a9f4ca341eb,[],true,true,2026-10-10T22:49:52Z
em_G_0107,gen_g5_summary_request_0605,G5_summary_request,p_prairie_founder,en,casual,29,scripted,template,1f961631b5ed34cefeb3349a690e470757345579af5bea8b17ce89c141c01fc8,4981203839dfca3e0426956b467b9a30b75ea83f5a7c6a6b3f47a271c99ffd29,[],true,true,2026-10-10T22:50:44Z
em_G_0108,gen_g6_reextraction_0606,G6_reextraction_after_amendment,p_harlow_counsel,en,formal,31,scripted,template,9637332d168405ae6e04f05e4368cc339605f8851a85017c1fe2bf963002e24e,6fbd6348f840efa1760722741b02496f27234cbd816fc85e3a1dae8c6199e438,[],true,true,2026-10-10T22:51:48Z
em_G_0109,gen_g7_receipt_confirmation_0607,G7_receipt_confirmation,p_cedarridge_adjuster,en,terse,14,scripted,template,a48a5a1155570b7bacaf1cf9b220a93b593f5bc5ac8ee232103fc92ef4d41e31,aab7cf9a433e1b5cdd4bce50f4c3459a37eb44aedbb1d9525372c479c2bd7a9f,[],true,true,2026-10-10T22:52:53Z
em_G_0110,gen_g8_forwarded_chain_0608,G8_forwarded_chain_timeline,p_brightwater_pm,en,informal,43,scripted,template,898d8b2b20b502ba6aeeb11b99c445689238636aa007a8fca4715656abe4401f,0623f59ce723eb56b530a301d4b2d75a838d5688b343e2a96cd18cdda534db4b,[],true,true,2026-10-10T22:53:20Z
em_G_0111,gen_g9_expedite_request_0609,G9_expedite_request,p_tricounty_real,en,deadline-driven,27,scripted,template,4b3e15f09281722af8fbe7af5c1793b9481ab312c89ad90880d032227ee501ed,533ee12461212659dba8f61f8b1720d9839edb616e91b34d103e63d39d274b23,[],true,true,2026-10-10T22:53:55Z
